County,Date,New Cases,New Positive Tests,Total Test Encounters
Hawaii,2/15/2020,0,0,0
Hawaii,2/28/2020,0,0,0
Hawaii,3/2/2020,0,0,0
Hawaii,3/3/2020,0,0,1
Hawaii,3/6/2020,0,0,0
Hawaii,3/7/2020,0,0,0
Hawaii,3/8/2020,0,0,0
Hawaii,3/9/2020,0,0,0
Hawaii,3/10/2020,0,0,0
Hawaii,3/11/2020,0,0,0
Hawaii,3/12/2020,0,0,3
Hawaii,3/13/2020,0,0,3
Hawaii,3/14/2020,0,0,6
Hawaii,3/15/2020,0,0,19
Hawaii,3/16/2020,0,0,29
Hawaii,3/17/2020,1,1,31
Hawaii,3/18/2020,0,0,22
Hawaii,3/19/2020,0,0,59
Hawaii,3/20/2020,2,2,84
Hawaii,3/21/2020,0,0,73
Hawaii,3/22/2020,1,2,136
Hawaii,3/23/2020,1,0,95
Hawaii,3/24/2020,0,0,22
Hawaii,3/25/2020,1,0,27
Hawaii,3/26/2020,2,2,123
Hawaii,3/27/2020,5,5,290
Hawaii,3/28/2020,4,5,239
Hawaii,3/29/2020,1,1,53
Hawaii,3/30/2020,0,0,31
Hawaii,3/31/2020,3,2,236
Hawaii,4/1/2020,0,0,138
Hawaii,4/2/2020,2,2,103
Hawaii,4/3/2020,2,2,159
Hawaii,4/4/2020,0,0,41
Hawaii,4/5/2020,1,0,138
Hawaii,4/6/2020,1,1,58
Hawaii,4/7/2020,3,3,51
Hawaii,4/8/2020,0,0,25
Hawaii,4/9/2020,1,1,151
Hawaii,4/10/2020,3,3,192
Hawaii,4/11/2020,5,3,114
Hawaii,4/12/2020,1,2,67
Hawaii,4/13/2020,1,2,17
Hawaii,4/14/2020,0,0,33
Hawaii,4/15/2020,0,0,32
Hawaii,4/16/2020,3,3,68
Hawaii,4/17/2020,16,16,300
Hawaii,4/18/2020,2,2,91
Hawaii,4/19/2020,2,2,90
Hawaii,4/20/2020,0,0,47
Hawaii,4/21/2020,3,4,126
Hawaii,4/22/2020,1,0,71
Hawaii,4/23/2020,1,2,209
Hawaii,4/24/2020,0,1,145
Hawaii,4/25/2020,1,1,69
Hawaii,4/26/2020,0,0,16
Hawaii,4/27/2020,0,0,24
Hawaii,4/28/2020,0,0,182
Hawaii,4/29/2020,3,3,74
Hawaii,4/30/2020,0,0,238
Hawaii,5/1/2020,0,0,128
Hawaii,5/2/2020,1,1,123
Hawaii,5/3/2020,1,1,95
Hawaii,5/4/2020,0,0,81
Hawaii,5/5/2020,0,0,102
Hawaii,5/6/2020,0,0,58
Hawaii,5/7/2020,0,0,197
Hawaii,5/8/2020,0,0,102
Hawaii,5/9/2020,0,0,178
Hawaii,5/10/2020,0,0,13
Hawaii,5/11/2020,0,0,78
Hawaii,5/12/2020,0,0,98
Hawaii,5/13/2020,0,1,158
Hawaii,5/14/2020,0,0,174
Hawaii,5/15/2020,1,0,163
Hawaii,5/16/2020,1,2,151
Hawaii,5/17/2020,0,0,50
Hawaii,5/18/2020,1,1,106
Hawaii,5/19/2020,0,0,199
Hawaii,5/20/2020,3,3,160
Hawaii,5/21/2020,0,0,178
Hawaii,5/22/2020,0,0,192
Hawaii,5/23/2020,0,0,185
Hawaii,5/24/2020,0,0,40
Hawaii,5/25/2020,0,0,76
Hawaii,5/26/2020,0,0,42
Hawaii,5/27/2020,0,0,111
Hawaii,5/28/2020,0,0,144
Hawaii,5/29/2020,0,0,134
Hawaii,5/30/2020,0,0,143
Hawaii,5/31/2020,0,0,30
Hawaii,6/1/2020,0,0,127
Hawaii,6/2/2020,0,0,588
Hawaii,6/3/2020,0,0,896
Hawaii,6/4/2020,0,0,379
Hawaii,6/5/2020,0,0,273
Hawaii,6/6/2020,0,0,213
Hawaii,6/7/2020,0,0,58
Hawaii,6/8/2020,0,0,27
Hawaii,6/9/2020,0,0,260
Hawaii,6/10/2020,0,0,130
Hawaii,6/11/2020,0,0,192
Hawaii,6/12/2020,0,0,134
Hawaii,6/13/2020,1,1,240
Hawaii,6/14/2020,0,0,46
Hawaii,6/15/2020,0,0,75
Hawaii,6/16/2020,1,1,409
Hawaii,6/17/2020,0,0,194
Hawaii,6/18/2020,0,0,107
Hawaii,6/19/2020,0,0,263
Hawaii,6/20/2020,2,2,131
Hawaii,6/21/2020,0,0,78
Hawaii,6/22/2020,0,0,62
Hawaii,6/23/2020,1,1,261
Hawaii,6/24/2020,0,1,102
Hawaii,6/25/2020,0,0,150
Hawaii,6/26/2020,0,0,149
Hawaii,6/27/2020,1,3,193
Hawaii,6/28/2020,0,0,69
Hawaii,6/29/2020,0,1,59
Hawaii,6/30/2020,0,0,253
Hawaii,7/1/2020,3,3,187
Hawaii,7/2/2020,1,1,196
Hawaii,7/3/2020,2,2,262
Hawaii,7/4/2020,0,0,94
Hawaii,7/5/2020,1,1,47
Hawaii,7/6/2020,1,1,70
Hawaii,7/7/2020,1,1,314
Hawaii,7/8/2020,1,1,196
Hawaii,7/9/2020,1,1,265
Hawaii,7/10/2020,2,2,259
Hawaii,7/11/2020,1,1,192
Hawaii,7/12/2020,1,0,93
Hawaii,7/13/2020,3,3,61
Hawaii,7/14/2020,2,2,409
Hawaii,7/15/2020,0,1,297
Hawaii,7/16/2020,2,2,367
Hawaii,7/17/2020,1,1,694
Hawaii,7/18/2020,2,1,382
Hawaii,7/19/2020,1,0,140
Hawaii,7/20/2020,0,1,139
Hawaii,7/21/2020,0,1,696
Hawaii,7/22/2020,2,1,254
Hawaii,7/23/2020,0,0,277
Hawaii,7/24/2020,0,0,257
Hawaii,7/25/2020,0,0,748
Hawaii,7/26/2020,0,0,73
Hawaii,7/27/2020,0,0,73
Hawaii,7/28/2020,0,0,343
Hawaii,7/29/2020,0,0,188
Hawaii,7/30/2020,0,0,154
Hawaii,7/31/2020,0,0,159
Hawaii,8/1/2020,0,1,280
Hawaii,8/2/2020,2,0,112
Hawaii,8/3/2020,4,8,169
Hawaii,8/4/2020,0,0,292
Hawaii,8/5/2020,1,2,296
Hawaii,8/6/2020,0,0,332
Hawaii,8/7/2020,4,4,328
Hawaii,8/8/2020,3,3,394
Hawaii,8/9/2020,0,0,147
Hawaii,8/10/2020,1,1,142
Hawaii,8/11/2020,2,2,389
Hawaii,8/12/2020,4,3,410
Hawaii,8/13/2020,4,4,555
Hawaii,8/14/2020,3,4,388
Hawaii,8/15/2020,4,6,366
Hawaii,8/16/2020,2,2,143
Hawaii,8/17/2020,3,4,123
Hawaii,8/18/2020,7,10,364
Hawaii,8/19/2020,5,8,200
Hawaii,8/20/2020,14,14,361
Hawaii,8/21/2020,15,13,403
Hawaii,8/22/2020,8,8,389
Hawaii,8/23/2020,9,7,460
Hawaii,8/24/2020,11,12,535
Hawaii,8/25/2020,23,23,582
Hawaii,8/26/2020,10,11,253
Hawaii,8/27/2020,26,24,683
Hawaii,8/28/2020,39,43,850
Hawaii,8/29/2020,21,22,522
Hawaii,8/30/2020,25,23,309
Hawaii,8/31/2020,18,19,984
Hawaii,9/1/2020,34,34,716
Hawaii,9/2/2020,17,16,749
Hawaii,9/3/2020,34,36,801
Hawaii,9/4/2020,23,21,522
Hawaii,9/5/2020,13,14,804
Hawaii,9/6/2020,11,13,277
Hawaii,9/7/2020,6,5,250
Hawaii,9/8/2020,13,14,631
Hawaii,9/9/2020,7,10,945
Hawaii,9/10/2020,21,20,745
Hawaii,9/11/2020,8,12,526
Hawaii,9/12/2020,19,13,700
Hawaii,9/13/2020,7,7,466
Hawaii,9/14/2020,5,9,522
Hawaii,9/15/2020,4,11,925
Hawaii,9/16/2020,19,10,688
Hawaii,9/17/2020,10,11,735
Hawaii,9/18/2020,7,6,648
Hawaii,9/19/2020,5,7,697
Hawaii,9/20/2020,7,7,372
Hawaii,9/21/2020,8,5,598
Hawaii,9/22/2020,12,14,1050
Hawaii,9/23/2020,6,6,512
Hawaii,9/24/2020,14,15,612
Hawaii,9/25/2020,3,2,519
Hawaii,9/26/2020,7,7,726
Hawaii,9/27/2020,0,1,301
Hawaii,9/28/2020,3,3,272
Hawaii,9/29/2020,25,26,961
Hawaii,9/30/2020,6,7,392
Hawaii,10/1/2020,16,18,751
Hawaii,10/2/2020,43,40,1048
Hawaii,10/3/2020,15,17,662
Hawaii,10/4/2020,10,9,336
Hawaii,10/5/2020,13,13,366
Hawaii,10/6/2020,18,18,978
Hawaii,10/7/2020,14,14,707
Hawaii,10/8/2020,44,43,1136
Hawaii,10/9/2020,15,17,718
Hawaii,10/10/2020,24,22,763
Hawaii,10/11/2020,5,5,355
Hawaii,10/12/2020,21,22,425
Hawaii,10/13/2020,18,20,682
Hawaii,10/14/2020,13,12,562
Hawaii,10/15/2020,20,21,1068
Hawaii,10/16/2020,12,12,513
Hawaii,10/17/2020,14,19,803
Hawaii,10/18/2020,7,4,221
Hawaii,10/19/2020,23,22,453
Hawaii,10/20/2020,9,14,762
Hawaii,10/21/2020,29,24,638
Hawaii,10/22/2020,34,34,1105
Hawaii,10/23/2020,16,17,900
Hawaii,10/24/2020,51,51,930
Hawaii,10/25/2020,9,9,329
Hawaii,10/26/2020,3,3,545
Hawaii,10/27/2020,5,5,828
Hawaii,10/28/2020,7,9,797
Hawaii,10/29/2020,14,14,1005
Hawaii,10/30/2020,15,21,888
Hawaii,10/31/2020,26,24,898
Hawaii,11/1/2020,5,6,202
Hawaii,11/2/2020,7,7,514
Hawaii,11/3/2020,21,24,1430
Hawaii,11/4/2020,22,25,792
Hawaii,11/5/2020,21,23,1258
Hawaii,11/6/2020,11,10,930
Hawaii,11/7/2020,19,20,1043
Hawaii,11/8/2020,4,5,133
Hawaii,11/9/2020,3,1,292
Hawaii,11/10/2020,23,22,786
Hawaii,11/11/2020,15,16,702
Hawaii,11/12/2020,8,10,904
Hawaii,11/13/2020,12,12,864
Hawaii,11/14/2020,8,9,776
Hawaii,11/15/2020,6,6,428
Hawaii,11/16/2020,2,2,280
Hawaii,11/17/2020,11,12,843
Hawaii,11/18/2020,13,14,640
Hawaii,11/19/2020,15,13,1124
Hawaii,11/20/2020,13,15,793
Hawaii,11/21/2020,10,9,612
Hawaii,11/22/2020,6,7,470
Hawaii,11/23/2020,2,4,290
Hawaii,11/24/2020,11,11,866
Hawaii,11/25/2020,5,5,603
Hawaii,11/26/2020,16,20,666
Hawaii,11/27/2020,4,7,650
Hawaii,11/28/2020,4,4,602
Hawaii,11/29/2020,6,6,401
Hawaii,11/30/2020,2,4,463
Hawaii,12/1/2020,5,8,824
Hawaii,12/2/2020,12,9,795
Hawaii,12/3/2020,12,11,1202
Hawaii,12/4/2020,5,4,626
Hawaii,12/5/2020,7,7,653
Hawaii,12/6/2020,5,5,366
Hawaii,12/7/2020,12,13,454
Hawaii,12/8/2020,23,20,948
Hawaii,12/9/2020,3,5,758
Hawaii,12/10/2020,17,17,924
Hawaii,12/11/2020,10,9,611
Hawaii,12/12/2020,16,20,870
Hawaii,12/13/2020,10,11,502
Hawaii,12/14/2020,5,7,395
Hawaii,12/15/2020,15,14,979
Hawaii,12/16/2020,7,8,604
Hawaii,12/17/2020,21,21,1005
Hawaii,12/18/2020,13,14,1001
Hawaii,12/19/2020,13,15,615
Hawaii,12/20/2020,6,7,502
Hawaii,12/21/2020,12,15,391
Hawaii,12/22/2020,13,11,821
Hawaii,12/23/2020,8,7,644
Hawaii,12/24/2020,4,5,823
Hawaii,12/25/2020,3,3,274
Hawaii,12/26/2020,2,4,307
Hawaii,12/27/2020,7,8,533
Hawaii,12/28/2020,2,2,337
Hawaii,12/29/2020,14,10,724
Hawaii,12/30/2020,13,18,497
Hawaii,12/31/2020,20,20,1034
Hawaii,1/1/2021,2,4,277
Hawaii,1/2/2021,4,8,362
Hawaii,1/3/2021,12,12,609
Hawaii,1/4/2021,8,9,413
Hawaii,1/5/2021,18,18,939
Hawaii,1/6/2021,10,11,856
Hawaii,1/7/2021,20,22,910
Hawaii,1/8/2021,12,14,670
Hawaii,1/9/2021,20,20,695
Hawaii,1/10/2021,4,4,384
Hawaii,1/11/2021,7,8,553
Hawaii,1/12/2021,13,16,787
Hawaii,1/13/2021,5,5,807
Hawaii,1/14/2021,12,13,1035
Hawaii,1/15/2021,7,11,581
Hawaii,1/16/2021,9,8,566
Hawaii,1/17/2021,6,6,476
Hawaii,1/18/2021,4,4,439
Hawaii,1/19/2021,15,15,565
Hawaii,1/20/2021,5,5,983
Hawaii,1/21/2021,4,5,812
Hawaii,1/22/2021,6,3,551
Hawaii,1/23/2021,6,7,670
Hawaii,1/24/2021,1,1,382
Hawaii,1/25/2021,3,3,525
Hawaii,1/26/2021,6,12,679
Hawaii,1/27/2021,6,3,567
Hawaii,1/28/2021,9,9,885
Hawaii,1/29/2021,10,10,559
Hawaii,1/30/2021,7,5,643
Hawaii,1/31/2021,4,7,376
Hawaii,2/1/2021,4,7,400
Hawaii,2/2/2021,6,6,883
Hawaii,2/3/2021,1,1,743
Hawaii,2/4/2021,1,1,692
Hawaii,2/5/2021,7,7,561
Hawaii,2/6/2021,3,4,488
Honolulu,2/15/2020,0,0,1
Honolulu,2/28/2020,0,0,0
Honolulu,3/2/2020,0,0,1
Honolulu,3/3/2020,0,0,2
Honolulu,3/5/2020,1,0,0
Honolulu,3/6/2020,0,1,2
Honolulu,3/7/2020,0,0,2
Honolulu,3/8/2020,1,1,1
Honolulu,3/9/2020,0,0,1
Honolulu,3/10/2020,0,0,0
Honolulu,3/11/2020,0,0,4
Honolulu,3/12/2020,0,0,3
Honolulu,3/13/2020,0,0,24
Honolulu,3/14/2020,2,2,103
Honolulu,3/15/2020,2,2,58
Honolulu,3/16/2020,1,1,106
Honolulu,3/17/2020,3,2,110
Honolulu,3/18/2020,4,5,313
Honolulu,3/19/2020,16,14,349
Honolulu,3/20/2020,6,5,511
Honolulu,3/21/2020,8,5,290
Honolulu,3/22/2020,16,11,333
Honolulu,3/23/2020,12,14,335
Honolulu,3/24/2020,7,6,247
Honolulu,3/25/2020,15,11,373
Honolulu,3/26/2020,13,10,448
Honolulu,3/27/2020,23,18,576
Honolulu,3/28/2020,17,17,609
Honolulu,3/29/2020,25,22,482
Honolulu,3/30/2020,20,17,359
Honolulu,3/31/2020,27,26,957
Honolulu,4/1/2020,25,22,582
Honolulu,4/2/2020,28,18,554
Honolulu,4/3/2020,18,12,433
Honolulu,4/4/2020,9,8,233
Honolulu,4/5/2020,12,14,450
Honolulu,4/6/2020,16,18,599
Honolulu,4/7/2020,11,18,562
Honolulu,4/8/2020,7,6,415
Honolulu,4/9/2020,4,4,406
Honolulu,4/10/2020,5,5,467
Honolulu,4/11/2020,3,3,384
Honolulu,4/12/2020,1,1,292
Honolulu,4/13/2020,4,2,193
Honolulu,4/14/2020,9,12,219
Honolulu,4/15/2020,6,5,566
Honolulu,4/16/2020,4,5,310
Honolulu,4/17/2020,1,1,305
Honolulu,4/18/2020,3,2,346
Honolulu,4/19/2020,0,0,263
Honolulu,4/20/2020,0,0,347
Honolulu,4/21/2020,2,6,321
Honolulu,4/22/2020,2,3,366
Honolulu,4/23/2020,1,1,317
Honolulu,4/24/2020,2,2,300
Honolulu,4/25/2020,1,2,340
Honolulu,4/26/2020,0,0,176
Honolulu,4/27/2020,0,3,231
Honolulu,4/28/2020,3,4,538
Honolulu,4/29/2020,0,0,408
Honolulu,4/30/2020,1,5,406
Honolulu,5/1/2020,0,0,349
Honolulu,5/2/2020,1,1,208
Honolulu,5/3/2020,0,0,261
Honolulu,5/4/2020,3,4,523
Honolulu,5/5/2020,1,1,374
Honolulu,5/6/2020,2,2,422
Honolulu,5/7/2020,0,1,315
Honolulu,5/8/2020,1,1,350
Honolulu,5/9/2020,1,1,367
Honolulu,5/10/2020,2,2,212
Honolulu,5/11/2020,1,2,491
Honolulu,5/12/2020,3,2,517
Honolulu,5/13/2020,0,0,533
Honolulu,5/14/2020,0,0,407
Honolulu,5/15/2020,1,1,470
Honolulu,5/16/2020,0,1,416
Honolulu,5/17/2020,0,0,365
Honolulu,5/18/2020,0,1,578
Honolulu,5/19/2020,1,0,681
Honolulu,5/20/2020,0,0,527
Honolulu,5/21/2020,0,0,450
Honolulu,5/22/2020,0,0,448
Honolulu,5/23/2020,0,0,347
Honolulu,5/24/2020,0,0,351
Honolulu,5/25/2020,0,0,286
Honolulu,5/26/2020,0,0,482
Honolulu,5/27/2020,2,2,551
Honolulu,5/28/2020,3,3,682
Honolulu,5/29/2020,2,2,571
Honolulu,5/30/2020,0,1,393
Honolulu,5/31/2020,0,0,390
Honolulu,6/1/2020,1,1,626
Honolulu,6/2/2020,1,1,483
Honolulu,6/3/2020,1,1,656
Honolulu,6/4/2020,6,4,584
Honolulu,6/5/2020,8,10,595
Honolulu,6/6/2020,1,1,557
Honolulu,6/7/2020,1,1,435
Honolulu,6/8/2020,6,6,711
Honolulu,6/9/2020,4,5,1056
Honolulu,6/10/2020,6,6,1136
Honolulu,6/11/2020,15,4,603
Honolulu,6/12/2020,17,17,923
Honolulu,6/13/2020,4,15,757
Honolulu,6/14/2020,8,8,511
Honolulu,6/15/2020,3,4,913
Honolulu,6/16/2020,4,5,784
Honolulu,6/17/2020,18,18,1436
Honolulu,6/18/2020,24,25,1077
Honolulu,6/19/2020,4,4,833
Honolulu,6/20/2020,8,7,1049
Honolulu,6/21/2020,4,4,490
Honolulu,6/22/2020,3,3,967
Honolulu,6/23/2020,12,10,1412
Honolulu,6/24/2020,12,15,1165
Honolulu,6/25/2020,14,14,1197
Honolulu,6/26/2020,5,4,1116
Honolulu,6/27/2020,23,21,1369
Honolulu,6/28/2020,2,1,670
Honolulu,6/29/2020,16,15,1150
Honolulu,6/30/2020,5,7,1440
Honolulu,7/1/2020,17,14,1247
Honolulu,7/2/2020,25,28,1384
Honolulu,7/3/2020,19,18,893
Honolulu,7/4/2020,25,25,806
Honolulu,7/5/2020,6,9,505
Honolulu,7/6/2020,38,36,1220
Honolulu,7/7/2020,19,18,1364
Honolulu,7/8/2020,32,31,1662
Honolulu,7/9/2020,25,26,1347
Honolulu,7/10/2020,37,36,1490
Honolulu,7/11/2020,18,18,1375
Honolulu,7/12/2020,18,23,903
Honolulu,7/13/2020,19,18,1416
Honolulu,7/14/2020,26,26,1931
Honolulu,7/15/2020,19,20,1666
Honolulu,7/16/2020,21,17,1713
Honolulu,7/17/2020,18,21,1339
Honolulu,7/18/2020,26,26,1333
Honolulu,7/19/2020,11,11,921
Honolulu,7/20/2020,21,24,1239
Honolulu,7/21/2020,17,23,1363
Honolulu,7/22/2020,50,43,1658
Honolulu,7/23/2020,57,57,1359
Honolulu,7/24/2020,67,68,1674
Honolulu,7/25/2020,55,53,1302
Honolulu,7/26/2020,28,45,959
Honolulu,7/27/2020,46,38,851
Honolulu,7/28/2020,99,97,1650
Honolulu,7/29/2020,119,112,1805
Honolulu,7/30/2020,119,130,1944
Honolulu,7/31/2020,87,91,1895
Honolulu,8/1/2020,44,113,2020
Honolulu,8/2/2020,198,122,1563
Honolulu,8/3/2020,139,142,1787
Honolulu,8/4/2020,169,157,2585
Honolulu,8/5/2020,145,170,2584
Honolulu,8/6/2020,200,216,2306
Honolulu,8/7/2020,221,202,2473
Honolulu,8/8/2020,146,135,2077
Honolulu,8/9/2020,137,140,2006
Honolulu,8/10/2020,115,139,2053
Honolulu,8/11/2020,195,190,2806
Honolulu,8/12/2020,342,334,3644
Honolulu,8/13/2020,217,225,2682
Honolulu,8/14/2020,272,290,3503
Honolulu,8/15/2020,200,197,2716
Honolulu,8/16/2020,163,169,2348
Honolulu,8/17/2020,125,138,2041
Honolulu,8/18/2020,232,227,2349
Honolulu,8/19/2020,228,227,2657
Honolulu,8/20/2020,208,194,2682
Honolulu,8/21/2020,255,294,3066
Honolulu,8/22/2020,227,228,2608
Honolulu,8/23/2020,150,141,1920
Honolulu,8/24/2020,201,197,2375
Honolulu,8/25/2020,243,258,2835
Honolulu,8/26/2020,287,298,2862
Honolulu,8/27/2020,231,265,3091
Honolulu,8/28/2020,264,277,3719
Honolulu,8/29/2020,173,167,3084
Honolulu,8/30/2020,104,106,1406
Honolulu,8/31/2020,156,156,4048
Honolulu,9/1/2020,302,211,5917
Honolulu,9/2/2020,188,183,7998
Honolulu,9/3/2020,231,243,8363
Honolulu,9/4/2020,190,185,9292
Honolulu,9/5/2020,145,146,5646
Honolulu,9/6/2020,89,85,2508
Honolulu,9/7/2020,58,55,809
Honolulu,9/8/2020,86,90,1895
Honolulu,9/9/2020,157,155,8360
Honolulu,9/10/2020,143,136,4438
Honolulu,9/11/2020,112,112,6322
Honolulu,9/12/2020,93,97,5140
Honolulu,9/13/2020,71,69,2605
Honolulu,9/14/2020,60,64,1887
Honolulu,9/15/2020,94,127,4911
Honolulu,9/16/2020,134,98,3430
Honolulu,9/17/2020,109,101,5704
Honolulu,9/18/2020,103,114,7956
Honolulu,9/19/2020,71,74,2431
Honolulu,9/20/2020,49,47,1166
Honolulu,9/21/2020,53,53,1980
Honolulu,9/22/2020,154,154,3208
Honolulu,9/23/2020,81,93,2246
Honolulu,9/24/2020,96,94,2207
Honolulu,9/25/2020,123,123,3008
Honolulu,9/26/2020,87,92,2797
Honolulu,9/27/2020,89,88,1772
Honolulu,9/28/2020,80,85,2659
Honolulu,9/29/2020,94,98,2941
Honolulu,9/30/2020,101,89,2264
Honolulu,10/1/2020,69,69,2423
Honolulu,10/2/2020,87,88,3189
Honolulu,10/3/2020,53,56,2382
Honolulu,10/4/2020,41,40,1103
Honolulu,10/5/2020,67,79,2506
Honolulu,10/6/2020,90,81,2257
Honolulu,10/7/2020,86,88,2337
Honolulu,10/8/2020,107,103,2269
Honolulu,10/9/2020,58,55,1861
Honolulu,10/10/2020,79,79,2304
Honolulu,10/11/2020,37,34,764
Honolulu,10/12/2020,30,30,1694
Honolulu,10/13/2020,79,81,2807
Honolulu,10/14/2020,74,74,2419
Honolulu,10/15/2020,69,78,2329
Honolulu,10/16/2020,81,73,2829
Honolulu,10/17/2020,68,74,2220
Honolulu,10/18/2020,31,27,1057
Honolulu,10/19/2020,59,66,2877
Honolulu,10/20/2020,64,56,2404
Honolulu,10/21/2020,52,60,2758
Honolulu,10/22/2020,66,65,2656
Honolulu,10/23/2020,58,57,2547
Honolulu,10/24/2020,49,49,2736
Honolulu,10/25/2020,26,25,1548
Honolulu,10/26/2020,49,53,2989
Honolulu,10/27/2020,40,45,2494
Honolulu,10/28/2020,60,63,3232
Honolulu,10/29/2020,73,70,2444
Honolulu,10/30/2020,45,67,3312
Honolulu,10/31/2020,52,78,2282
Honolulu,11/1/2020,64,25,1229
Honolulu,11/2/2020,72,89,3240
Honolulu,11/3/2020,124,110,2952
Honolulu,11/4/2020,66,65,2602
Honolulu,11/5/2020,86,89,2282
Honolulu,11/6/2020,109,114,3804
Honolulu,11/7/2020,104,102,2999
Honolulu,11/8/2020,53,54,1934
Honolulu,11/9/2020,64,68,2548
Honolulu,11/10/2020,86,80,3222
Honolulu,11/11/2020,71,85,3207
Honolulu,11/12/2020,92,97,2604
Honolulu,11/13/2020,88,80,2975
Honolulu,11/14/2020,75,80,2422
Honolulu,11/15/2020,35,37,1602
Honolulu,11/16/2020,56,61,3695
Honolulu,11/17/2020,77,83,2840
Honolulu,11/18/2020,69,68,3670
Honolulu,11/19/2020,123,132,3455
Honolulu,11/20/2020,97,104,3390
Honolulu,11/21/2020,80,88,3893
Honolulu,11/22/2020,45,39,2296
Honolulu,11/23/2020,93,103,3851
Honolulu,11/24/2020,92,98,3782
Honolulu,11/25/2020,69,76,3744
Honolulu,11/26/2020,48,40,2448
Honolulu,11/27/2020,45,50,3560
Honolulu,11/28/2020,66,72,2773
Honolulu,11/29/2020,31,34,2612
Honolulu,11/30/2020,60,68,2795
Honolulu,12/1/2020,118,132,3545
Honolulu,12/2/2020,72,70,3325
Honolulu,12/3/2020,83,82,3341
Honolulu,12/4/2020,87,99,5061
Honolulu,12/5/2020,56,50,4407
Honolulu,12/6/2020,38,37,1599
Honolulu,12/7/2020,45,63,3038
Honolulu,12/8/2020,80,89,4266
Honolulu,12/9/2020,55,51,2956
Honolulu,12/10/2020,151,139,2862
Honolulu,12/11/2020,58,71,3147
Honolulu,12/12/2020,157,141,2649
Honolulu,12/13/2020,35,36,1696
Honolulu,12/14/2020,85,101,3039
Honolulu,12/15/2020,111,101,3502
Honolulu,12/16/2020,105,106,3206
Honolulu,12/17/2020,115,135,2991
Honolulu,12/18/2020,179,155,4073
Honolulu,12/19/2020,103,105,2253
Honolulu,12/20/2020,51,56,1952
Honolulu,12/21/2020,70,82,3872
Honolulu,12/22/2020,79,99,3422
Honolulu,12/23/2020,95,93,2763
Honolulu,12/24/2020,83,103,3105
Honolulu,12/25/2020,72,70,1797
Honolulu,12/26/2020,30,35,1628
Honolulu,12/27/2020,56,53,1963
Honolulu,12/28/2020,86,81,2803
Honolulu,12/29/2020,135,158,3527
Honolulu,12/30/2020,188,185,2920
Honolulu,12/31/2020,87,129,3542
Honolulu,1/1/2021,85,93,1476
Honolulu,1/2/2021,56,82,2339
Honolulu,1/3/2021,71,75,2145
Honolulu,1/4/2021,83,108,3131
Honolulu,1/5/2021,208,234,4292
Honolulu,1/6/2021,199,194,3732
Honolulu,1/7/2021,158,166,4233
Honolulu,1/8/2021,127,141,4173
Honolulu,1/9/2021,107,127,3296
Honolulu,1/10/2021,80,62,1681
Honolulu,1/11/2021,73,87,3170
Honolulu,1/12/2021,121,119,3887
Honolulu,1/13/2021,110,130,3759
Honolulu,1/14/2021,112,108,3328
Honolulu,1/15/2021,85,89,3104
Honolulu,1/16/2021,82,91,2699
Honolulu,1/17/2021,45,43,1705
Honolulu,1/18/2021,50,68,2447
Honolulu,1/19/2021,65,71,3259
Honolulu,1/20/2021,98,99,3110
Honolulu,1/21/2021,102,102,2694
Honolulu,1/22/2021,105,101,3598
Honolulu,1/23/2021,86,84,2347
Honolulu,1/24/2021,61,39,1547
Honolulu,1/25/2021,64,76,2990
Honolulu,1/26/2021,62,78,2880
Honolulu,1/27/2021,75,88,3518
Honolulu,1/28/2021,82,67,2664
Honolulu,1/29/2021,59,58,2909
Honolulu,1/30/2021,56,54,2084
Honolulu,1/31/2021,39,38,1440
Honolulu,2/1/2021,41,53,2763
Honolulu,2/2/2021,79,89,2965
Honolulu,2/3/2021,64,68,2903
Honolulu,2/4/2021,87,47,2140
Honolulu,2/5/2021,50,47,2569
Honolulu,2/6/2021,21,16,1577
Kauai,2/15/2020,0,0,0
Kauai,2/28/2020,0,0,0
Kauai,3/2/2020,0,0,0
Kauai,3/3/2020,0,0,0
Kauai,3/6/2020,0,0,0
Kauai,3/7/2020,0,0,0
Kauai,3/8/2020,0,0,0
Kauai,3/9/2020,0,0,0
Kauai,3/10/2020,0,0,0
Kauai,3/11/2020,0,0,0
Kauai,3/12/2020,0,0,0
Kauai,3/13/2020,2,2,2
Kauai,3/14/2020,0,0,1
Kauai,3/15/2020,0,0,1
Kauai,3/16/2020,0,0,23
Kauai,3/17/2020,0,0,35
Kauai,3/18/2020,0,0,8
Kauai,3/19/2020,1,1,105
Kauai,3/20/2020,0,0,45
Kauai,3/21/2020,0,0,21
Kauai,3/22/2020,1,1,58
Kauai,3/23/2020,0,0,49
Kauai,3/24/2020,1,1,7
Kauai,3/25/2020,0,0,27
Kauai,3/26/2020,0,0,31
Kauai,3/27/2020,6,6,89
Kauai,3/28/2020,1,1,35
Kauai,3/29/2020,0,0,23
Kauai,3/30/2020,0,0,8
Kauai,3/31/2020,0,0,46
Kauai,4/1/2020,1,1,74
Kauai,4/2/2020,2,2,49
Kauai,4/3/2020,0,0,44
Kauai,4/4/2020,1,1,27
Kauai,4/5/2020,1,1,24
Kauai,4/6/2020,1,1,24
Kauai,4/7/2020,1,1,38
Kauai,4/8/2020,0,0,10
Kauai,4/9/2020,0,0,23
Kauai,4/10/2020,0,0,37
Kauai,4/11/2020,2,2,34
Kauai,4/12/2020,0,0,18
Kauai,4/13/2020,0,0,17
Kauai,4/14/2020,0,0,21
Kauai,4/15/2020,0,0,19
Kauai,4/16/2020,0,0,9
Kauai,4/17/2020,0,0,21
Kauai,4/18/2020,0,0,28
Kauai,4/19/2020,0,0,26
Kauai,4/20/2020,0,0,10
Kauai,4/21/2020,0,0,17
Kauai,4/22/2020,0,0,19
Kauai,4/23/2020,0,0,24
Kauai,4/24/2020,0,0,13
Kauai,4/25/2020,0,0,21
Kauai,4/26/2020,0,0,18
Kauai,4/27/2020,0,0,4
Kauai,4/28/2020,0,0,33
Kauai,4/29/2020,0,0,19
Kauai,4/30/2020,0,0,21
Kauai,5/1/2020,0,0,27
Kauai,5/2/2020,0,0,23
Kauai,5/3/2020,0,0,25
Kauai,5/4/2020,0,0,38
Kauai,5/5/2020,0,0,29
Kauai,5/6/2020,0,0,20
Kauai,5/7/2020,0,0,27
Kauai,5/8/2020,0,0,28
Kauai,5/9/2020,0,0,35
Kauai,5/10/2020,0,0,14
Kauai,5/11/2020,0,0,16
Kauai,5/12/2020,0,0,34
Kauai,5/13/2020,0,0,28
Kauai,5/14/2020,0,0,35
Kauai,5/15/2020,0,0,15
Kauai,5/16/2020,0,0,35
Kauai,5/17/2020,0,0,3
Kauai,5/18/2020,0,0,39
Kauai,5/19/2020,0,0,44
Kauai,5/20/2020,0,0,46
Kauai,5/21/2020,0,0,25
Kauai,5/22/2020,0,0,16
Kauai,5/23/2020,0,0,32
Kauai,5/24/2020,0,0,6
Kauai,5/25/2020,0,0,46
Kauai,5/26/2020,0,0,37
Kauai,5/27/2020,0,0,44
Kauai,5/28/2020,0,0,29
Kauai,5/29/2020,0,0,18
Kauai,5/30/2020,0,0,52
Kauai,5/31/2020,0,0,33
Kauai,6/1/2020,0,0,2
Kauai,6/2/2020,0,0,51
Kauai,6/3/2020,0,0,40
Kauai,6/4/2020,0,0,34
Kauai,6/5/2020,0,0,37
Kauai,6/6/2020,0,0,37
Kauai,6/7/2020,0,0,27
Kauai,6/8/2020,0,0,30
Kauai,6/9/2020,0,0,33
Kauai,6/10/2020,0,0,33
Kauai,6/11/2020,0,0,37
Kauai,6/12/2020,0,0,7
Kauai,6/13/2020,0,0,59
Kauai,6/14/2020,0,0,21
Kauai,6/15/2020,0,0,44
Kauai,6/16/2020,0,0,59
Kauai,6/17/2020,0,0,42
Kauai,6/18/2020,1,1,34
Kauai,6/19/2020,7,7,35
Kauai,6/20/2020,0,0,73
Kauai,6/21/2020,0,0,27
Kauai,6/22/2020,0,0,134
Kauai,6/23/2020,0,0,110
Kauai,6/24/2020,3,3,105
Kauai,6/25/2020,2,2,75
Kauai,6/26/2020,1,1,34
Kauai,6/27/2020,2,2,107
Kauai,6/28/2020,0,0,55
Kauai,6/29/2020,1,1,42
Kauai,6/30/2020,0,0,98
Kauai,7/1/2020,0,0,63
Kauai,7/2/2020,0,0,78
Kauai,7/3/2020,2,2,77
Kauai,7/4/2020,0,0,74
Kauai,7/5/2020,0,0,53
Kauai,7/6/2020,2,2,41
Kauai,7/7/2020,0,0,101
Kauai,7/8/2020,1,1,104
Kauai,7/9/2020,0,0,84
Kauai,7/10/2020,0,0,62
Kauai,7/11/2020,0,0,104
Kauai,7/12/2020,0,0,85
Kauai,7/13/2020,0,0,8
Kauai,7/14/2020,0,1,114
Kauai,7/15/2020,0,0,93
Kauai,7/16/2020,0,0,58
Kauai,7/17/2020,0,0,52
Kauai,7/18/2020,0,0,84
Kauai,7/19/2020,0,0,71
Kauai,7/20/2020,0,0,4
Kauai,7/21/2020,0,0,102
Kauai,7/22/2020,0,0,98
Kauai,7/23/2020,0,0,37
Kauai,7/24/2020,0,0,70
Kauai,7/25/2020,2,2,99
Kauai,7/26/2020,0,0,58
Kauai,7/27/2020,0,0,2
Kauai,7/28/2020,2,2,143
Kauai,7/29/2020,0,0,69
Kauai,7/30/2020,0,0,88
Kauai,7/31/2020,0,2,52
Kauai,8/1/2020,0,0,92
Kauai,8/2/2020,0,0,53
Kauai,8/3/2020,0,0,70
Kauai,8/4/2020,0,0,99
Kauai,8/5/2020,0,0,79
Kauai,8/6/2020,0,0,69
Kauai,8/7/2020,0,0,60
Kauai,8/8/2020,1,1,68
Kauai,8/9/2020,1,0,71
Kauai,8/10/2020,0,1,74
Kauai,8/11/2020,2,1,94
Kauai,8/12/2020,1,1,87
Kauai,8/13/2020,1,2,63
Kauai,8/14/2020,1,1,68
Kauai,8/15/2020,0,0,77
Kauai,8/16/2020,0,0,45
Kauai,8/17/2020,0,0,35
Kauai,8/18/2020,0,0,108
Kauai,8/19/2020,0,0,30
Kauai,8/20/2020,2,2,64
Kauai,8/21/2020,0,1,55
Kauai,8/22/2020,0,0,92
Kauai,8/23/2020,0,1,57
Kauai,8/24/2020,0,1,73
Kauai,8/25/2020,0,0,101
Kauai,8/26/2020,0,1,60
Kauai,8/27/2020,0,1,48
Kauai,8/28/2020,0,1,73
Kauai,8/29/2020,0,0,77
Kauai,8/30/2020,0,0,38
Kauai,8/31/2020,0,0,67
Kauai,9/1/2020,0,0,117
Kauai,9/2/2020,0,0,51
Kauai,9/3/2020,0,0,61
Kauai,9/4/2020,1,1,80
Kauai,9/5/2020,0,0,94
Kauai,9/6/2020,0,0,82
Kauai,9/7/2020,0,0,0
Kauai,9/8/2020,0,0,62
Kauai,9/9/2020,0,1,113
Kauai,9/10/2020,0,0,69
Kauai,9/11/2020,0,0,44
Kauai,9/12/2020,0,0,111
Kauai,9/13/2020,0,0,39
Kauai,9/14/2020,0,0,33
Kauai,9/15/2020,0,0,108
Kauai,9/16/2020,0,0,38
Kauai,9/17/2020,0,0,64
Kauai,9/18/2020,0,0,74
Kauai,9/19/2020,0,0,74
Kauai,9/20/2020,0,0,88
Kauai,9/21/2020,0,0,5
Kauai,9/22/2020,0,0,99
Kauai,9/23/2020,0,0,75
Kauai,9/24/2020,1,1,47
Kauai,9/25/2020,1,1,80
Kauai,9/26/2020,0,0,109
Kauai,9/27/2020,0,0,34
Kauai,9/28/2020,0,0,61
Kauai,9/29/2020,0,0,57
Kauai,9/30/2020,0,0,46
Kauai,10/1/2020,0,0,31
Kauai,10/2/2020,0,0,97
Kauai,10/3/2020,0,0,75
Kauai,10/4/2020,0,0,76
Kauai,10/5/2020,0,0,17
Kauai,10/6/2020,0,0,106
Kauai,10/7/2020,0,0,50
Kauai,10/8/2020,0,0,46
Kauai,10/9/2020,0,0,67
Kauai,10/10/2020,0,0,55
Kauai,10/11/2020,0,0,82
Kauai,10/12/2020,0,0,5
Kauai,10/13/2020,0,0,89
Kauai,10/14/2020,0,0,74
Kauai,10/15/2020,0,0,83
Kauai,10/16/2020,1,1,112
Kauai,10/17/2020,0,1,135
Kauai,10/18/2020,0,0,131
Kauai,10/19/2020,0,0,112
Kauai,10/20/2020,0,0,201
Kauai,10/21/2020,0,0,109
Kauai,10/22/2020,0,1,106
Kauai,10/23/2020,0,0,137
Kauai,10/24/2020,1,1,123
Kauai,10/25/2020,0,0,161
Kauai,10/26/2020,0,0,80
Kauai,10/27/2020,1,1,160
Kauai,10/28/2020,1,1,103
Kauai,10/29/2020,1,1,125
Kauai,10/30/2020,0,0,170
Kauai,10/31/2020,1,2,152
Kauai,11/1/2020,1,2,155
Kauai,11/2/2020,1,1,75
Kauai,11/3/2020,0,0,192
Kauai,11/4/2020,1,4,162
Kauai,11/5/2020,1,2,155
Kauai,11/6/2020,2,2,160
Kauai,11/7/2020,0,0,167
Kauai,11/8/2020,0,2,150
Kauai,11/9/2020,0,0,101
Kauai,11/10/2020,3,2,223
Kauai,11/11/2020,1,1,143
Kauai,11/12/2020,2,3,284
Kauai,11/13/2020,3,2,214
Kauai,11/14/2020,2,2,137
Kauai,11/15/2020,0,1,219
Kauai,11/16/2020,0,0,59
Kauai,11/17/2020,4,4,271
Kauai,11/18/2020,1,2,177
Kauai,11/19/2020,4,5,405
Kauai,11/20/2020,6,7,364
Kauai,11/21/2020,3,3,233
Kauai,11/22/2020,1,1,147
Kauai,11/23/2020,1,1,74
Kauai,11/24/2020,3,3,202
Kauai,11/25/2020,5,5,165
Kauai,11/26/2020,1,1,168
Kauai,11/27/2020,1,0,575
Kauai,11/28/2020,1,2,224
Kauai,11/29/2020,0,0,225
Kauai,11/30/2020,1,0,99
Kauai,12/1/2020,3,5,253
Kauai,12/2/2020,3,2,112
Kauai,12/3/2020,0,2,621
Kauai,12/4/2020,0,1,163
Kauai,12/5/2020,1,1,107
Kauai,12/6/2020,0,0,111
Kauai,12/7/2020,1,0,56
Kauai,12/8/2020,2,3,138
Kauai,12/9/2020,2,2,81
Kauai,12/10/2020,5,5,120
Kauai,12/11/2020,4,3,146
Kauai,12/12/2020,0,2,498
Kauai,12/13/2020,0,2,99
Kauai,12/14/2020,0,1,87
Kauai,12/15/2020,0,2,189
Kauai,12/16/2020,1,1,174
Kauai,12/17/2020,1,1,391
Kauai,12/18/2020,0,0,96
Kauai,12/19/2020,1,1,69
Kauai,12/20/2020,0,1,84
Kauai,12/21/2020,0,0,56
Kauai,12/22/2020,1,1,102
Kauai,12/23/2020,0,0,85
Kauai,12/24/2020,3,3,436
Kauai,12/25/2020,1,1,77
Kauai,12/26/2020,1,1,43
Kauai,12/27/2020,0,1,96
Kauai,12/28/2020,1,1,46
Kauai,12/29/2020,0,2,466
Kauai,12/30/2020,1,0,83
Kauai,12/31/2020,2,3,87
Kauai,1/1/2021,1,3,109
Kauai,1/2/2021,0,0,46
Kauai,1/3/2021,0,1,126
Kauai,1/4/2021,3,1,64
Kauai,1/5/2021,1,3,223
Kauai,1/6/2021,3,3,123
Kauai,1/7/2021,0,2,154
Kauai,1/8/2021,9,9,182
Kauai,1/9/2021,1,2,214
Kauai,1/10/2021,0,1,99
Kauai,1/11/2021,2,2,77
Kauai,1/12/2021,1,0,205
Kauai,1/13/2021,1,2,158
Kauai,1/14/2021,1,1,150
Kauai,1/15/2021,1,1,127
Kauai,1/16/2021,2,2,196
Kauai,1/17/2021,0,0,108
Kauai,1/18/2021,1,1,115
Kauai,1/19/2021,0,1,144
Kauai,1/20/2021,1,2,123
Kauai,1/21/2021,0,2,143
Kauai,1/22/2021,0,4,124
Kauai,1/23/2021,0,0,166
Kauai,1/24/2021,0,0,101
Kauai,1/25/2021,0,2,111
Kauai,1/26/2021,0,2,152
Kauai,1/27/2021,0,0,120
Kauai,1/28/2021,1,2,148
Kauai,1/29/2021,0,0,121
Kauai,1/30/2021,1,1,157
Kauai,1/31/2021,0,0,88
Kauai,2/1/2021,0,0,153
Kauai,2/2/2021,0,0,124
Kauai,2/3/2021,0,0,127
Kauai,2/4/2021,1,0,104
Kauai,2/5/2021,0,1,155
Kauai,2/6/2021,0,0,151
Maui,2/15/2020,0,0,0
Maui,2/28/2020,0,0,0
Maui,3/2/2020,0,0,0
Maui,3/3/2020,0,0,1
Maui,3/6/2020,0,0,0
Maui,3/7/2020,0,0,0
Maui,3/8/2020,0,0,0
Maui,3/9/2020,0,0,0
Maui,3/10/2020,0,0,0
Maui,3/11/2020,0,0,0
Maui,3/12/2020,0,0,1
Maui,3/13/2020,0,0,1
Maui,3/14/2020,1,1,13
Maui,3/15/2020,1,1,29
Maui,3/16/2020,0,0,7
Maui,3/17/2020,1,1,26
Maui,3/18/2020,2,2,60
Maui,3/19/2020,0,0,92
Maui,3/20/2020,2,2,89
Maui,3/21/2020,2,2,66
Maui,3/22/2020,2,1,44
Maui,3/23/2020,1,1,32
Maui,3/24/2020,1,1,46
Maui,3/25/2020,1,1,72
Maui,3/26/2020,2,2,77
Maui,3/27/2020,1,0,127
Maui,3/28/2020,6,6,142
Maui,3/29/2020,5,4,60
Maui,3/30/2020,2,0,15
Maui,3/31/2020,1,1,27
Maui,4/1/2020,2,2,86
Maui,4/2/2020,7,5,160
Maui,4/3/2020,2,3,92
Maui,4/4/2020,5,4,118
Maui,4/5/2020,4,2,45
Maui,4/6/2020,4,5,73
Maui,4/7/2020,6,7,50
Maui,4/8/2020,2,3,47
Maui,4/9/2020,6,5,84
Maui,4/10/2020,12,12,213
Maui,4/11/2020,4,4,279
Maui,4/12/2020,2,2,306
Maui,4/13/2020,1,1,162
Maui,4/14/2020,2,3,556
Maui,4/15/2020,5,4,548
Maui,4/16/2020,2,1,307
Maui,4/17/2020,3,3,228
Maui,4/18/2020,3,3,373
Maui,4/19/2020,2,2,224
Maui,4/20/2020,2,2,93
Maui,4/21/2020,1,1,296
Maui,4/22/2020,2,2,296
Maui,4/23/2020,1,1,114
Maui,4/24/2020,0,2,115
Maui,4/25/2020,0,0,103
Maui,4/26/2020,1,1,25
Maui,4/27/2020,1,1,35
Maui,4/28/2020,1,1,539
Maui,4/29/2020,1,1,192
Maui,4/30/2020,0,0,169
Maui,5/1/2020,0,0,78
Maui,5/2/2020,1,1,123
Maui,5/3/2020,0,0,86
Maui,5/4/2020,0,0,186
Maui,5/5/2020,0,1,60
Maui,5/6/2020,0,0,136
Maui,5/7/2020,0,0,102
Maui,5/8/2020,1,2,59
Maui,5/9/2020,0,0,71
Maui,5/10/2020,0,0,19
Maui,5/11/2020,0,0,40
Maui,5/12/2020,0,0,65
Maui,5/13/2020,0,0,49
Maui,5/14/2020,0,0,94
Maui,5/15/2020,0,0,62
Maui,5/16/2020,0,0,77
Maui,5/17/2020,0,0,50
Maui,5/18/2020,0,0,77
Maui,5/19/2020,0,0,74
Maui,5/20/2020,1,1,136
Maui,5/21/2020,0,0,63
Maui,5/22/2020,1,0,148
Maui,5/23/2020,0,0,101
Maui,5/24/2020,0,0,30
Maui,5/25/2020,0,0,35
Maui,5/26/2020,0,1,40
Maui,5/27/2020,0,0,151
Maui,5/28/2020,0,0,93
Maui,5/29/2020,1,1,74
Maui,5/30/2020,0,0,112
Maui,5/31/2020,0,0,60
Maui,6/1/2020,0,0,44
Maui,6/2/2020,0,0,140
Maui,6/3/2020,0,0,100
Maui,6/4/2020,0,0,101
Maui,6/5/2020,0,0,89
Maui,6/6/2020,0,0,107
Maui,6/7/2020,0,0,65
Maui,6/8/2020,0,0,109
Maui,6/9/2020,0,0,122
Maui,6/10/2020,0,0,116
Maui,6/11/2020,0,0,78
Maui,6/12/2020,0,0,66
Maui,6/13/2020,0,0,101
Maui,6/14/2020,0,0,65
Maui,6/15/2020,0,0,127
Maui,6/16/2020,0,0,145
Maui,6/17/2020,0,0,132
Maui,6/18/2020,1,1,93
Maui,6/19/2020,1,1,81
Maui,6/20/2020,0,0,121
Maui,6/21/2020,0,0,93
Maui,6/22/2020,0,1,77
Maui,6/23/2020,0,0,179
Maui,6/24/2020,0,0,176
Maui,6/25/2020,0,0,157
Maui,6/26/2020,0,0,108
Maui,6/27/2020,0,0,160
Maui,6/28/2020,0,0,66
Maui,6/29/2020,1,1,171
Maui,6/30/2020,2,2,166
Maui,7/1/2020,0,0,134
Maui,7/2/2020,2,2,107
Maui,7/3/2020,1,1,117
Maui,7/4/2020,0,0,119
Maui,7/5/2020,0,0,47
Maui,7/6/2020,0,0,152
Maui,7/7/2020,2,2,194
Maui,7/8/2020,0,0,199
Maui,7/9/2020,1,1,155
Maui,7/10/2020,2,2,112
Maui,7/11/2020,1,1,165
Maui,7/12/2020,1,1,80
Maui,7/13/2020,0,0,131
Maui,7/14/2020,0,0,223
Maui,7/15/2020,0,0,232
Maui,7/16/2020,0,0,161
Maui,7/17/2020,0,0,146
Maui,7/18/2020,0,0,130
Maui,7/19/2020,0,1,89
Maui,7/20/2020,3,1,131
Maui,7/21/2020,0,1,318
Maui,7/22/2020,2,2,224
Maui,7/23/2020,1,1,194
Maui,7/24/2020,4,3,138
Maui,7/25/2020,7,7,268
Maui,7/26/2020,0,1,98
Maui,7/27/2020,1,1,86
Maui,7/28/2020,9,9,477
Maui,7/29/2020,4,4,329
Maui,7/30/2020,3,2,404
Maui,7/31/2020,0,1,170
Maui,8/1/2020,1,2,342
Maui,8/2/2020,6,3,89
Maui,8/3/2020,0,3,218
Maui,8/4/2020,0,0,262
Maui,8/5/2020,2,3,303
Maui,8/6/2020,1,2,156
Maui,8/7/2020,3,8,242
Maui,8/8/2020,1,5,186
Maui,8/9/2020,1,5,210
Maui,8/10/2020,4,0,161
Maui,8/11/2020,1,1,223
Maui,8/12/2020,6,4,315
Maui,8/13/2020,9,8,264
Maui,8/14/2020,7,7,219
Maui,8/15/2020,14,13,411
Maui,8/16/2020,8,9,578
Maui,8/17/2020,6,7,241
Maui,8/18/2020,21,17,558
Maui,8/19/2020,2,4,328
Maui,8/20/2020,6,7,394
Maui,8/21/2020,9,11,474
Maui,8/22/2020,12,10,562
Maui,8/23/2020,9,10,435
Maui,8/24/2020,3,2,318
Maui,8/25/2020,8,7,310
Maui,8/26/2020,7,6,328
Maui,8/27/2020,7,8,521
Maui,8/28/2020,7,6,382
Maui,8/29/2020,4,5,291
Maui,8/30/2020,1,1,182
Maui,8/31/2020,5,5,221
Maui,9/1/2020,2,2,460
Maui,9/2/2020,3,3,400
Maui,9/3/2020,1,1,367
Maui,9/4/2020,4,4,621
Maui,9/5/2020,3,3,274
Maui,9/6/2020,4,4,247
Maui,9/7/2020,2,1,149
Maui,9/8/2020,1,1,239
Maui,9/9/2020,3,5,410
Maui,9/10/2020,4,3,230
Maui,9/11/2020,7,7,247
Maui,9/12/2020,2,3,303
Maui,9/13/2020,2,2,307
Maui,9/14/2020,0,1,267
Maui,9/15/2020,0,0,391
Maui,9/16/2020,3,2,228
Maui,9/17/2020,0,0,187
Maui,9/18/2020,2,1,376
Maui,9/19/2020,1,1,244
Maui,9/20/2020,0,0,169
Maui,9/21/2020,0,0,203
Maui,9/22/2020,1,2,306
Maui,9/23/2020,2,2,263
Maui,9/24/2020,0,0,185
Maui,9/25/2020,0,0,212
Maui,9/26/2020,0,0,234
Maui,9/27/2020,0,0,161
Maui,9/28/2020,2,1,211
Maui,9/29/2020,1,1,269
Maui,9/30/2020,0,0,239
Maui,10/1/2020,0,0,176
Maui,10/2/2020,3,2,168
Maui,10/3/2020,1,2,251
Maui,10/4/2020,0,0,141
Maui,10/5/2020,1,0,206
Maui,10/6/2020,1,1,393
Maui,10/7/2020,1,1,289
Maui,10/8/2020,0,0,216
Maui,10/9/2020,0,0,221
Maui,10/10/2020,0,0,258
Maui,10/11/2020,0,0,149
Maui,10/12/2020,11,0,207
Maui,10/13/2020,1,2,305
Maui,10/14/2020,1,0,313
Maui,10/15/2020,0,0,258
Maui,10/16/2020,0,1,317
Maui,10/17/2020,0,0,362
Maui,10/18/2020,0,1,192
Maui,10/19/2020,2,3,403
Maui,10/20/2020,4,4,469
Maui,10/21/2020,18,18,402
Maui,10/22/2020,28,28,504
Maui,10/23/2020,15,14,444
Maui,10/24/2020,18,18,645
Maui,10/25/2020,0,0,865
Maui,10/26/2020,11,11,665
Maui,10/27/2020,9,10,674
Maui,10/28/2020,2,2,568
Maui,10/29/2020,5,5,362
Maui,10/30/2020,1,5,476
Maui,10/31/2020,0,2,398
Maui,11/1/2020,3,3,694
Maui,11/2/2020,3,4,425
Maui,11/3/2020,5,6,572
Maui,11/4/2020,2,4,620
Maui,11/5/2020,7,7,415
Maui,11/6/2020,2,5,457
Maui,11/7/2020,2,3,384
Maui,11/8/2020,0,0,295
Maui,11/9/2020,5,7,371
Maui,11/10/2020,6,5,491
Maui,11/11/2020,6,6,491
Maui,11/12/2020,1,2,500
Maui,11/13/2020,1,3,467
Maui,11/14/2020,7,6,442
Maui,11/15/2020,2,2,359
Maui,11/16/2020,2,3,336
Maui,11/17/2020,9,7,653
Maui,11/18/2020,5,5,429
Maui,11/19/2020,10,10,513
Maui,11/20/2020,4,4,461
Maui,11/21/2020,11,11,463
Maui,11/22/2020,4,6,395
Maui,11/23/2020,4,4,414
Maui,11/24/2020,14,9,582
Maui,11/25/2020,4,4,535
Maui,11/26/2020,9,10,427
Maui,11/27/2020,3,2,508
Maui,11/28/2020,10,8,640
Maui,11/29/2020,4,6,420
Maui,11/30/2020,4,4,607
Maui,12/1/2020,13,14,786
Maui,12/2/2020,15,8,678
Maui,12/3/2020,17,14,784
Maui,12/4/2020,6,7,680
Maui,12/5/2020,11,9,912
Maui,12/6/2020,9,10,434
Maui,12/7/2020,15,12,601
Maui,12/8/2020,10,13,968
Maui,12/9/2020,19,13,590
Maui,12/10/2020,21,14,694
Maui,12/11/2020,8,10,905
Maui,12/12/2020,15,8,477
Maui,12/13/2020,8,8,444
Maui,12/14/2020,13,8,421
Maui,12/15/2020,8,10,850
Maui,12/16/2020,11,12,777
Maui,12/17/2020,13,6,547
Maui,12/18/2020,11,4,551
Maui,12/19/2020,14,8,465
Maui,12/20/2020,6,8,433
Maui,12/21/2020,16,10,426
Maui,12/22/2020,33,16,606
Maui,12/23/2020,17,8,324
Maui,12/24/2020,20,18,419
Maui,12/25/2020,18,14,335
Maui,12/26/2020,13,6,386
Maui,12/27/2020,8,3,355
Maui,12/28/2020,17,9,444
Maui,12/29/2020,27,18,630
Maui,12/30/2020,26,24,609
Maui,12/31/2020,45,16,720
Maui,1/1/2021,29,23,508
Maui,1/2/2021,9,14,526
Maui,1/3/2021,21,22,510
Maui,1/4/2021,30,15,594
Maui,1/5/2021,56,36,892
Maui,1/6/2021,25,18,594
Maui,1/7/2021,51,29,662
Maui,1/8/2021,30,21,832
Maui,1/9/2021,33,17,691
Maui,1/10/2021,21,9,342
Maui,1/11/2021,11,4,483
Maui,1/12/2021,32,19,698
Maui,1/13/2021,25,21,641
Maui,1/14/2021,29,32,770
Maui,1/15/2021,29,50,669
Maui,1/16/2021,21,15,711
Maui,1/17/2021,9,8,356
Maui,1/18/2021,14,13,483
Maui,1/19/2021,30,24,517
Maui,1/20/2021,19,16,555
Maui,1/21/2021,21,25,671
Maui,1/22/2021,34,30,525
Maui,1/23/2021,20,19,618
Maui,1/24/2021,8,10,292
Maui,1/25/2021,27,28,510
Maui,1/26/2021,23,43,731
Maui,1/27/2021,23,15,525
Maui,1/28/2021,17,19,608
Maui,1/29/2021,9,14,522
Maui,1/30/2021,19,9,498
Maui,1/31/2021,17,6,414
Maui,2/1/2021,23,13,443
Maui,2/2/2021,15,11,532
Maui,2/3/2021,27,11,486
Maui,2/4/2021,16,19,551
Maui,2/5/2021,15,10,565
Maui,2/6/2021,7,4,406
Missing,2/15/2020,0,0,0
Missing,2/28/2020,0,0,2
Missing,3/2/2020,0,0,0
Missing,3/3/2020,0,0,0
Missing,3/6/2020,0,0,0
Missing,3/7/2020,0,0,0
Missing,3/8/2020,0,0,0
Missing,3/9/2020,0,0,2
Missing,3/10/2020,0,0,1
Missing,3/11/2020,0,0,1
Missing,3/12/2020,0,0,0
Missing,3/13/2020,0,0,1
Missing,3/14/2020,0,0,7
Missing,3/15/2020,0,0,10
Missing,3/16/2020,0,0,17
Missing,3/17/2020,0,0,32
Missing,3/18/2020,0,0,36
Missing,3/19/2020,0,0,52
Missing,3/20/2020,0,0,44
Missing,3/21/2020,0,0,43
Missing,3/22/2020,0,0,40
Missing,3/23/2020,0,0,44
Missing,3/24/2020,0,0,19
Missing,3/25/2020,0,0,24
Missing,3/26/2020,0,0,55
Missing,3/27/2020,0,0,84
Missing,3/28/2020,0,0,168
Missing,3/29/2020,0,0,71
Missing,3/30/2020,0,0,79
Missing,3/31/2020,0,0,97
Missing,4/1/2020,0,0,43
Missing,4/2/2020,0,0,80
Missing,4/3/2020,0,0,35
Missing,4/4/2020,0,0,32
Missing,4/5/2020,0,0,46
Missing,4/6/2020,0,0,78
Missing,4/7/2020,0,0,60
Missing,4/8/2020,0,0,60
Missing,4/9/2020,0,0,55
Missing,4/10/2020,0,0,114
Missing,4/11/2020,0,0,59
Missing,4/12/2020,0,0,20
Missing,4/13/2020,0,0,25
Missing,4/14/2020,0,0,75
Missing,4/15/2020,0,0,132
Missing,4/16/2020,0,0,34
Missing,4/17/2020,0,0,91
Missing,4/18/2020,0,0,76
Missing,4/19/2020,0,0,48
Missing,4/20/2020,0,0,47
Missing,4/21/2020,0,0,46
Missing,4/22/2020,0,0,87
Missing,4/23/2020,0,0,66
Missing,4/24/2020,0,0,45
Missing,4/25/2020,0,0,44
Missing,4/26/2020,0,0,14
Missing,4/27/2020,0,0,12
Missing,4/28/2020,0,0,36
Missing,4/29/2020,0,0,47
Missing,4/30/2020,0,0,35
Missing,5/1/2020,0,0,34
Missing,5/2/2020,0,0,34
Missing,5/3/2020,0,0,32
Missing,5/4/2020,0,0,36
Missing,5/5/2020,0,0,25
Missing,5/6/2020,0,0,50
Missing,5/7/2020,0,0,30
Missing,5/8/2020,0,0,32
Missing,5/9/2020,0,0,35
Missing,5/10/2020,0,0,12
Missing,5/11/2020,0,0,17
Missing,5/12/2020,0,0,43
Missing,5/13/2020,0,0,65
Missing,5/14/2020,0,0,32
Missing,5/15/2020,0,0,39
Missing,5/16/2020,0,0,39
Missing,5/17/2020,0,0,12
Missing,5/18/2020,0,0,37
Missing,5/19/2020,0,0,38
Missing,5/20/2020,0,0,17
Missing,5/21/2020,0,0,22
Missing,5/22/2020,0,0,47
Missing,5/23/2020,0,0,63
Missing,5/24/2020,0,0,19
Missing,5/25/2020,0,0,12
Missing,5/26/2020,0,0,11
Missing,5/27/2020,0,0,45
Missing,5/28/2020,0,0,33
Missing,5/29/2020,0,0,42
Missing,5/30/2020,0,0,30
Missing,5/31/2020,0,0,21
Missing,6/1/2020,0,0,25
Missing,6/2/2020,0,0,46
Missing,6/3/2020,0,0,100
Missing,6/4/2020,0,0,39
Missing,6/5/2020,0,0,40
Missing,6/6/2020,0,0,37
Missing,6/7/2020,0,0,32
Missing,6/8/2020,0,0,23
Missing,6/9/2020,0,0,47
Missing,6/10/2020,0,0,56
Missing,6/11/2020,0,0,45
Missing,6/12/2020,0,0,84
Missing,6/13/2020,0,0,52
Missing,6/14/2020,0,0,32
Missing,6/15/2020,0,0,43
Missing,6/16/2020,0,0,63
Missing,6/17/2020,0,0,90
Missing,6/18/2020,0,0,58
Missing,6/19/2020,0,0,75
Missing,6/20/2020,0,0,66
Missing,6/21/2020,0,0,21
Missing,6/22/2020,0,0,39
Missing,6/23/2020,0,0,92
Missing,6/24/2020,0,0,32
Missing,6/25/2020,0,0,61
Missing,6/26/2020,0,0,61
Missing,6/27/2020,0,0,85
Missing,6/28/2020,0,0,27
Missing,6/29/2020,0,0,48
Missing,6/30/2020,0,0,60
Missing,7/1/2020,0,0,79
Missing,7/2/2020,0,0,204
Missing,7/3/2020,0,0,91
Missing,7/4/2020,0,0,56
Missing,7/5/2020,0,0,19
Missing,7/6/2020,0,0,67
Missing,7/7/2020,0,0,109
Missing,7/8/2020,0,0,100
Missing,7/9/2020,0,0,135
Missing,7/10/2020,0,0,89
Missing,7/11/2020,0,0,78
Missing,7/12/2020,0,0,60
Missing,7/13/2020,0,0,120
Missing,7/14/2020,0,0,173
Missing,7/15/2020,0,0,166
Missing,7/16/2020,0,0,141
Missing,7/17/2020,0,0,155
Missing,7/18/2020,0,0,75
Missing,7/19/2020,0,0,30
Missing,7/20/2020,0,0,164
Missing,7/21/2020,0,0,157
Missing,7/22/2020,0,0,198
Missing,7/23/2020,0,0,104
Missing,7/24/2020,0,0,139
Missing,7/25/2020,0,0,147
Missing,7/26/2020,0,0,61
Missing,7/27/2020,0,0,38
Missing,7/28/2020,0,0,159
Missing,7/29/2020,0,0,138
Missing,7/30/2020,0,0,130
Missing,7/31/2020,0,0,199
Missing,8/1/2020,0,0,162
Missing,8/2/2020,0,0,53
Missing,8/3/2020,0,0,82
Missing,8/4/2020,0,0,184
Missing,8/5/2020,0,0,241
Missing,8/6/2020,0,0,172
Missing,8/7/2020,0,0,217
Missing,8/8/2020,0,0,177
Missing,8/9/2020,0,0,64
Missing,8/10/2020,0,0,102
Missing,8/11/2020,0,0,229
Missing,8/12/2020,0,0,209
Missing,8/13/2020,0,0,158
Missing,8/14/2020,0,0,299
Missing,8/15/2020,0,0,311
Missing,8/16/2020,0,0,187
Missing,8/17/2020,0,1,282
Missing,8/18/2020,0,1,371
Missing,8/19/2020,0,0,317
Missing,8/20/2020,0,0,301
Missing,8/21/2020,0,0,415
Missing,8/22/2020,0,0,195
Missing,8/23/2020,0,0,217
Missing,8/24/2020,0,0,95
Missing,8/25/2020,0,0,252
Missing,8/26/2020,0,0,202
Missing,8/27/2020,0,1,342
Missing,8/28/2020,0,2,440
Missing,8/29/2020,0,2,462
Missing,8/30/2020,0,1,137
Missing,8/31/2020,0,0,108
Missing,9/1/2020,0,0,221
Missing,9/2/2020,0,0,306
Missing,9/3/2020,0,1,465
Missing,9/4/2020,0,5,393
Missing,9/5/2020,0,8,207
Missing,9/6/2020,0,2,106
Missing,9/7/2020,0,3,98
Missing,9/8/2020,0,0,166
Missing,9/9/2020,0,0,149
Missing,9/10/2020,0,0,347
Missing,9/11/2020,0,0,214
Missing,9/12/2020,0,0,164
Missing,9/13/2020,0,0,131
Missing,9/14/2020,0,0,145
Missing,9/15/2020,0,0,133
Missing,9/16/2020,0,1,225
Missing,9/17/2020,0,0,289
Missing,9/18/2020,0,0,200
Missing,9/19/2020,0,0,213
Missing,9/20/2020,0,0,72
Missing,9/21/2020,0,0,336
Missing,9/22/2020,0,0,445
Missing,9/23/2020,0,0,264
Missing,9/24/2020,0,0,224
Missing,9/25/2020,0,0,445
Missing,9/26/2020,0,0,421
Missing,9/27/2020,0,0,162
Missing,9/28/2020,0,0,224
Missing,9/29/2020,0,0,366
Missing,9/30/2020,0,0,292
Missing,10/1/2020,0,0,298
Missing,10/2/2020,0,0,489
Missing,10/3/2020,0,0,199
Missing,10/4/2020,0,0,94
Missing,10/5/2020,0,1,259
Missing,10/6/2020,0,0,326
Missing,10/7/2020,0,0,296
Missing,10/8/2020,0,0,207
Missing,10/9/2020,0,0,466
Missing,10/10/2020,0,0,231
Missing,10/11/2020,0,0,82
Missing,10/12/2020,0,0,133
Missing,10/13/2020,0,0,155
Missing,10/14/2020,0,0,233
Missing,10/15/2020,0,0,104
Missing,10/16/2020,0,0,248
Missing,10/17/2020,0,0,179
Missing,10/18/2020,0,0,56
Missing,10/19/2020,0,4,160
Missing,10/20/2020,0,1,342
Missing,10/21/2020,0,0,426
Missing,10/22/2020,0,0,217
Missing,10/23/2020,0,0,312
Missing,10/24/2020,0,0,191
Missing,10/25/2020,0,0,158
Missing,10/26/2020,0,0,167
Missing,10/27/2020,0,0,213
Missing,10/28/2020,0,0,210
Missing,10/29/2020,0,0,238
Missing,10/30/2020,0,0,256
Missing,10/31/2020,0,0,331
Missing,11/1/2020,0,0,82
Missing,11/2/2020,0,0,199
Missing,11/3/2020,0,0,361
Missing,11/4/2020,0,2,245
Missing,11/5/2020,0,0,354
Missing,11/6/2020,0,0,368
Missing,11/7/2020,0,1,314
Missing,11/8/2020,0,0,172
Missing,11/9/2020,0,0,310
Missing,11/10/2020,0,1,646
Missing,11/11/2020,0,0,349
Missing,11/12/2020,0,1,426
Missing,11/13/2020,0,0,543
Missing,11/14/2020,0,1,322
Missing,11/15/2020,0,0,202
Missing,11/16/2020,0,0,204
Missing,11/17/2020,0,0,609
Missing,11/18/2020,0,1,432
Missing,11/19/2020,0,0,495
Missing,11/20/2020,0,0,529
Missing,11/21/2020,0,0,450
Missing,11/22/2020,0,0,406
Missing,11/23/2020,0,0,317
Missing,11/24/2020,0,0,750
Missing,11/25/2020,0,0,556
Missing,11/26/2020,0,0,354
Missing,11/27/2020,0,0,468
Missing,11/28/2020,0,0,404
Missing,11/29/2020,0,0,272
Missing,11/30/2020,0,0,171
Missing,12/1/2020,0,0,749
Missing,12/2/2020,0,0,341
Missing,12/3/2020,0,0,358
Missing,12/4/2020,0,0,479
Missing,12/5/2020,0,0,318
Missing,12/6/2020,0,0,245
Missing,12/7/2020,0,0,285
Missing,12/8/2020,0,0,539
Missing,12/9/2020,0,0,351
Missing,12/10/2020,0,0,503
Missing,12/11/2020,0,0,408
Missing,12/12/2020,0,0,274
Missing,12/13/2020,0,1,214
Missing,12/14/2020,0,0,213
Missing,12/15/2020,0,0,418
Missing,12/16/2020,0,1,375
Missing,12/17/2020,0,0,390
Missing,12/18/2020,0,1,549
Missing,12/19/2020,0,0,380
Missing,12/20/2020,0,0,251
Missing,12/21/2020,0,0,477
Missing,12/22/2020,0,0,694
Missing,12/23/2020,0,1,528
Missing,12/24/2020,0,0,700
Missing,12/25/2020,0,0,466
Missing,12/26/2020,0,0,545
Missing,12/27/2020,0,0,424
Missing,12/28/2020,0,0,494
Missing,12/29/2020,0,0,730
Missing,12/30/2020,0,0,437
Missing,12/31/2020,0,1,742
Missing,1/1/2021,0,0,384
Missing,1/2/2021,0,0,349
Missing,1/3/2021,0,0,388
Missing,1/4/2021,0,0,283
Missing,1/5/2021,0,1,869
Missing,1/6/2021,0,0,549
Missing,1/7/2021,0,0,645
Missing,1/8/2021,0,0,625
Missing,1/9/2021,0,0,492
Missing,1/10/2021,0,1,210
Missing,1/11/2021,0,1,605
Missing,1/12/2021,0,0,514
Missing,1/13/2021,0,0,478
Missing,1/14/2021,0,0,724
Missing,1/15/2021,0,1,561
Missing,1/16/2021,0,0,409
Missing,1/17/2021,0,0,259
Missing,1/18/2021,0,0,348
Missing,1/19/2021,0,0,446
Missing,1/20/2021,0,0,423
Missing,1/21/2021,0,0,579
Missing,1/22/2021,0,1,490
Missing,1/23/2021,0,0,452
Missing,1/24/2021,0,0,180
Missing,1/25/2021,0,1,333
Missing,1/26/2021,0,0,441
Missing,1/27/2021,0,0,357
Missing,1/28/2021,0,0,766
Missing,1/29/2021,0,0,599
Missing,1/30/2021,0,1,524
Missing,1/31/2021,0,2,297
Missing,2/1/2021,0,2,412
Missing,2/2/2021,0,0,536
Missing,2/3/2021,0,1,436
Missing,2/4/2021,0,4,565
Missing,2/5/2021,0,0,620
Missing,2/6/2021,0,0,434
